{"_default": {"1": {"name": "forsterite", "group": "olivine", "formula": "Mg2SiO4", "Mg": 0.345503795139918, "Si": 0.19962244061720158, "O": 0.45487376424288045, "Fe": 0.0, "Mn": 0.0, "Ni": 0.0, "Ca": 0.0, "Al": 0.0, "Fe{3+}": 0.0, "Na": 0.0, "Mn{3+}": 0.0, "Cr": 0.0, "Li": 0.0, "Cr{3+}": 0.0, "Fe{2+}": 0.0, "K": 0.0}, "2": {"name": "fayalite", "group": "olivine", "formula": "Fe2SiO4", "Mg": 0.0, "Si": 0.13782731871871212, "O": 0.3140630436500205, "Fe": 0.5481096376312673, "Mn": 0.0, "Ni": 0.0, "Ca": 0.0, "Al": 0.0, "Fe{3+}": 0.0, "Na": 0.0, "Mn{3+}": 0.0, "Cr": 0.0, "Li": 0.0, "Cr{3+}": 0.0, "Fe{2+}": 0.0, "K": 0.0}, "3": {"name": "tephroite", "group": "olivine", "formula": "Mn2SiO4", "Mg": 0.0, "Si": 0.13906521851012696, "O": 0.3168838093722277, "Fe": 0.0, "Mn": 0.5440509721176452, "Ni": 0.0, "Ca": 0.0, "Al": 0.0, "Fe{3+}": 0.0, "Na": 0.0, "Mn{3+}": 0.0, "Cr": 0.0, "Li": 0.0, "Cr{3+}": 0.0, "Fe{2+}": 0.0, "K": 0.0}, "4": {"name": "liebenbergite", "group": "olivine", "formula": "Ni1.5Mg0.5SiO4", "Mg": 0.06320351453667832, "Si": 0.14606890002220768, "O": 0.3328428917434704, "Fe": 0.0, "Mn": 0.0, "Ni": 0.4578846936976435, "Ca": 0.0, "Al": 0.0, "Fe{3+}": 0.0, "Na": 0.0, "Mn{3+}": 0.0, "Cr": 0.0, "Li": 0.0, "Cr{3+}": 0.0, "Fe{2+}": 0.0, "K": 0.0}, "5": {"name": "enstatite", "group": "pyroxene", "formula": "Mg2Si2O6", "Mg": 0.24210892261778466, "Si": 0.27976754355818934, "O": 0.478123533824026, "Fe": 0.0, "Mn": 0.0, "Ni": 0.0, "Ca": 0.0, "Al": 0.0, "Fe{3+}": 0.0, "Na": 0.0, "Mn{3+}": 0.0, "Cr": 0.0, "Li": 0.0, "Cr{3+}": 0.0, "Fe{2+}": 0.0, "K": 0.0}, "6": {"name": "ferrosilite", "group": "pyroxene", "formula": "Fe2Si2O6", "Mg": 0.0, "Si": 0.21288392897072436, "O": 0.3638192447890414, "Fe": 0.42329682624023435, "Mn": 0.0, "Ni": 0.0, "Ca": 0.0, "Al": 0.0, "Fe{3+}": 0.0, "Na": 0.0, "Mn{3+}": 0.0, "Cr": 0.0, "Li": 0.0, "Cr{3+}": 0.0, "Fe{2+}": 0.0, "K": 0.0}, "7": {"name": "diopside", "group": "pyroxene", "formula": "CaMgSi2O6", "Mg": 0.11223715125901407, "Si": 0.25938996187492613, "O": 0.4432981883201324, "Fe": 0.0, "Mn": 0.0, "Ni": 0.0, "Ca": 0.18507469854592742, "Al": 0.0, "Fe{3+}": 0.0, "Na": 0.0, "Mn{3+}": 0.0, "Cr": 0.0, "Li": 0.0, "Cr{3+}": 0.0, "Fe{2+}": 0.0, "K": 0.0}, "8": {"name": "hedenbergite", "group": "pyroxene", "formula": "CaFeSi2O6", "Mg": 0.0, "Si": 0.2264134363925408, "O": 0.3869412117518453, "Fe": 0.22509939925124067, "Mn": 0.0, "Ni": 0.0, "Ca": 0.16154595260437327, "Al": 0.0, "Fe{3+}": 0.0, "Na": 0.0, "Mn{3+}": 0.0, "Cr": 0.0, "Li": 0.0, "Cr{3+}": 0.0, "Fe{2+}": 0.0, "K": 0.0}, "9": {"name": "johannsenite", "group": "pyroxene", "formula": "CaMnSi2O6", "Mg": 0.0, "Si": 0.22724417928159907, "O": 0.3883609537303608, "Fe": 0.0, "Mn": 0.22225617945803483, "Ni": 0.0, "Ca": 0.16213868753000532, "Al": 0.0, "Fe{3+}": 0.0, "Na": 0.0, "Mn{3+}": 0.0, "Cr": 0.0, "Li": 0.0, "Cr{3+}": 0.0, "Fe{2+}": 0.0, "K": 0.0}, "10": {"name": "esseneite", "group": "pyroxene", "formula": "CaAlFe{3+}SiO6", "Mg": 0.0, "Si": 0.11371347904590468, "O": 0.3886733232408995, "Fe": 0.0, "Mn": 0.0, "Ni": 0.0, "Ca": 0.1622691001834316, "Al": 0.10924372206260458, "Fe{3+}": 0.2261003754671596, "Na": 0.0, "Mn{3+}": 0.0, "Cr": 0.0, "Li": 0.0, "Cr{3+}": 0.0, "Fe{2+}": 0.0, "K": 0.0}, "11": {"name": "jadeite", "group": "pyroxene", "formula": "NaAlSi2O6", "Mg": 0.0, "Si": 0.2778834422944862, "O": 0.47490359936405646, "Fe": 0.0, "Mn": 0.0, "Ni": 0.0, "Ca": 0.0, "Al": 0.13348031293442322, "Fe{3+}": 0.0, "Na": 0.11373264540703407, "Mn{3+}": 0.0, "Cr": 0.0, "Li": 0.0, "Cr{3+}": 0.0, "Fe{2+}": 0.0, "K": 0.0}, "12": {"name": "aegirine", "group": "pyroxene", "formula": "NaFe{3+}Si2O6", "Mg": 0.0, "Si": 0.2431639502917828, "O": 0.41556788801677197, "Fe": 0.0, "Mn": 0.0, "Ni": 0.0, "Ca": 0.0, "Al": 0.0, "Fe{3+}": 0.24174557371011104, "Na": 0.09952258798133415, "Mn{3+}": 0.0, "Cr": 0.0, "Li": 0.0, "Cr{3+}": 0.0, "Fe{2+}": 0.0, "K": 0.0}, "13": {"name": "namansilite", "group": "pyroxene", "formula": "NaMn{3+}Si2O6", "Mg": 0.0, "Si": 0.24412242029488065, "O": 0.41720591599927864, "Fe": 0.0, "Mn": 0.0, "Ni": 0.0, "Ca": 0.0, "Al": 0.0, "Fe{3+}": 0.0, "Na": 0.09991487234378306, "Mn{3+}": 0.2387567913620576, "Cr": 0.0, "Li": 0.0, "Cr{3+}": 0.0, "Fe{2+}": 0.0, "K": 0.0}, "14": {"name": "kosmochlor", "group": "pyroxene", "formula": "NaCrSi2O6", "Mg": 0.0, "Si": 0.24728237458346958, "O": 0.42260628693568886, "Fe": 0.0, "Mn": 0.0, "Ni": 0.0, "Ca": 0.0, "Al": 0.0, "Fe{3+}": 0.0, "Na": 0.10120818423613273, "Mn{3+}": 0.0, "Cr": 0.22890315424470886, "Li": 0.0, "Cr{3+}": 0.0, "Fe{2+}": 0.0, "K": 0.0}, "15": {"name": "spodumene", "group": "pyroxene", "formula": "LiAlSi2O6", "Mg": 0.0, "Si": 0.3018486684648151, "O": 0.5158602395794232, "Fe": 0.0, "Mn": 0.0, "Ni": 0.0, "Ca": 0.0, "Al": 0.1449919232065089, "Fe{3+}": 0.0, "Na": 0.0, "Mn{3+}": 0.0, "Cr": 0.0, "Li": 0.03729916874925285, "Cr{3+}": 0.0, "Fe{2+}": 0.0, "K": 0.0}, "16": {"name": "spinel", "group": "spinel", "formula": "MgAl2O4", "Mg": 0.17084233304454968, "Si": 0.0, "O": 0.44984568168080113, "Fe": 0.0, "Mn": 0.0, "Ni": 0.0, "Ca": 0.0, "Al": 0.3793119852746491, "Fe{3+}": 0.0, "Na": 0.0, "Mn{3+}": 0.0, "Cr": 0.0, "Li": 0.0, "Cr{3+}": 0.0, "Fe{2+}": 0.0, "K": 0.0}, "17": {"name": "magnesioferrite", "group": "spinel", "formula": "MgFe{3+}2O4", "Mg": 0.12153149675050948, "Si": 0.0, "O": 0.32000510662169945, "Fe": 0.0, "Mn": 0.0, "Ni": 0.0, "Ca": 0.0, "Al": 0.0, "Fe{3+}": 0.558463396627791, "Na": 0.0, "Mn{3+}": 0.0, "Cr": 0.0, "Li": 0.0, "Cr{3+}": 0.0, "Fe{2+}": 0.0, "K": 0.0}, "18": {"name": "magnesiochromite", "group": "spinel", "formula": "MgCr{3+}2O4", "Mg": 0.126396636989035, "Si": 0.0, "O": 0.3328155283015621, "Fe": 0.0, "Mn": 0.0, "Ni": 0.0, "Ca": 0.0, "Al": 0.0, "Fe{3+}": 0.0, "Na": 0.0, "Mn{3+}": 0.0, "Cr": 0.0, "Li": 0.0, "Cr{3+}": 0.5407878347094028, "Fe{2+}": 0.0, "K": 0.0}, "19": {"name": "magnetite", "group": "spinel", "formula": "Fe{2+}Fe{3+}2O4", "Mg": 0.0, "Si": 0.0, "O": 0.276413831470621, "Fe": 0.0, "Mn": 0.0, "Ni": 0.0, "Ca": 0.0, "Al": 0.0, "Fe{3+}": 0.482389199433848, "Na": 0.0, "Mn{3+}": 0.0, "Cr": 0.0, "Li": 0.0, "Cr{3+}": 0.0, "Fe{2+}": 0.24119696909553096, "K": 0.0}, "20": {"name": "hercynite", "group": "spinel", "formula": "Fe{2+}Al2O4", "Mg": 0.0, "Si": 0.0, "O": 0.36821584578295263, "Fe": 0.0, "Mn": 0.0, "Ni": 0.0, "Ca": 0.0, "Al": 0.3104813253995424, "Fe{3+}": 0.0, "Na": 0.0, "Mn{3+}": 0.0, "Cr": 0.0, "Li": 0.0, "Cr{3+}": 0.0, "Fe{2+}": 0.32130282881750505, "K": 0.0}, "21": {"name": "chromite", "group": "spinel", "formula": "Fe{2+}Cr{3+}2O4", "Mg": 0.0, "Si": 0.0, "O": 0.28592003922323744, "Fe": 0.0, "Mn": 0.0, "Ni": 0.0, "Ca": 0.0, "Al": 0.0, "Fe{3+}": 0.0, "Na": 0.0, "Mn{3+}": 0.0, "Cr": 0.0, "Li": 0.0, "Cr{3+}": 0.4645879346454652, "Fe{2+}": 0.2494920261312974, "K": 0.0}, "22": {"name": "albite", "group": "feldspar", "formula": "NaAlSi3O8", "Mg": 0.0, "Si": 0.3213161981575621, "O": 0.4881158254427468, "Fe": 0.0, "Mn": 0.0, "Ni": 0.0, "Ca": 0.0, "Al": 0.10289538742534751, "Fe{3+}": 0.0, "Na": 0.08767258897434355, "Mn{3+}": 0.0, "Cr": 0.0, "Li": 0.0, "Cr{3+}": 0.0, "Fe{2+}": 0.0, "K": 0.0}, "23": {"name": "microcline", "group": "feldspar", "formula": "KAlSi3O8", "Mg": 0.0, "Si": 0.3027199167059537, "O": 0.45986596028510424, "Fe": 0.0, "Mn": 0.0, "Ni": 0.0, "Ca": 0.0, "Al": 0.0969402827788779, "Fe{3+}": 0.0, "Na": 0.0, "Mn{3+}": 0.0, "Cr": 0.0, "Li": 0.0, "Cr{3+}": 0.0, "Fe{2+}": 0.0, "K": 0.14047384023006404}, "24": {"name": "anorthite", "group": "feldspar", "formula": "CaAl2Si2O8", "Mg": 0.0, "Si": 0.20190341822691943, "O": 0.4600713606066867, "Fe": 0.0, "Mn": 0.0, "Ni": 0.0, "Ca": 0.1440580583521475, "Al": 0.19396716281424647, "Fe{3+}": 0.0, "Na": 0.0, "Mn{3+}": 0.0, "Cr": 0.0, "Li": 0.0, "Cr{3+}": 0.0, "Fe{2+}": 0.0, "K": 0.0}}, "minerals": {"1": {"name": "forsterite", "group": "olivine", "formula": "Mg2SiO4", "Mg": 0.345503795139918, "Si": 0.19962244061720158, "O": 0.45487376424288045, "Fe": 0.0, "Mn": 0.0, "Ni": 0.0, "Ca": 0.0, "Al": 0.0, "Fe{3+}": 0.0, "Na": 0.0, "Mn{3+}": 0.0, "Cr": 0.0, "Li": 0.0, "Cr{3+}": 0.0,